{
    "data": {
        "0": "SuperTux Advance",
        "1": "Advanced SuperTux",
        "2": "SuperKonqi Basic",
        "3": "SuperTux Advance: Breeze Edition",
        "4": "SuperTux Advance: Also try SuperTux Kart!",
        "5": "SuperTux Advance: Return of the Iceguy",
        "6": "SuperFrost Advance",
        "7": "Tux which happens to be super and advanced",
        "8": "Tax Udvance",
        "9": "SuperTux Advance; also try pingus!",
        "10": "SuperTux, but apparently advanced or something",
        "11": "SuperTux Advance; also try (insert all other tux games)",
        "12": "Tux but way back in time",
        "13": "Grand tux 7",
        "14": "ecnavdA xuTrepuS",
        "15": "SuperTux Advance; RIP re-tux",
        "16": "SuperTux Advance; make sure to contact your local Tux-er to put your advert here!",
        "17": "SuperTux Advance; [insert unfunny thing here]",
        "18": "SuperTux Advance; remember to eat your veggies, kids!",
        "19": "SuperTux Advance; formerly SuperTux land"
    }
}